"File","Name","runs","projects","Margin of Error","Relative Margin of Error","Standard Error of the mean","Standard Deviation","Mean (s)","Variance","Time Stamp"
"results-chrome.json","v1"," 10000"," 1",0.0023561308705247106,4.390707020983291,0.0012021075870024033,0.007009431512239576,0.05366176470588237,0.00004913213012477719,"2017-02-16 13:44:38"
"results-chrome.json","v2"," 10000"," 1",0.0005051424959122625,0.9830407204297573,0.0002577257632205421,0.0015247261773729678,0.0513857142857143,0.0000023247899159663825,"2017-02-16 13:44:44"
"results-chrome.json","v3"," 10000"," 1",0.0004418325474656655,0.8658532565116622,0.00022542476911513546,0.0013336309191719516,0.051028571428571444,0.0000017785714285714246,"2017-02-16 13:44:51"
"results-chrome.json","v4"," 10000"," 1",0.001200823877339782,2.240089765529271,0.000612665243540705,0.003519493872876058,0.05360606060606061,0.000012386837121212117,"2017-02-16 13:44:57"
"results-chrome.json","v5"," 10000"," 1",0.0007951880177221246,1.7706156261012191,0.00040570817230720644,0.0025336467239923765,0.044910256410256415,0.000006419365721997302,"2017-02-16 13:45:03"
"results-chrome.json","v6"," 10000"," 1",0.0004962275293216139,1.1856252157451146,0.00025317731087837447,0.0016211257756533906,0.04185365853658537,0.0000026280487804878075,"2017-02-16 13:45:09"
"results-chrome.json","v7"," 10000"," 1",0.0004266657139217004,1.0213713299921012,0.00021768658873556144,0.0014107703351161271,0.041773809523809526,0.0000019902729384436696,"2017-02-16 13:45:15"
"results-chrome.json","final"," 10000"," 1",0.0005357826479143083,1.2686738991906805,0.0002733584938338308,0.0017503483973755397,0.04223170731707318,0.00000306371951219512,"2017-02-16 13:45:21"
"results-chrome.json","dynamic"," 10000"," 1",0.04899313292980971,124.11593675551794,0.02331895903370286,0.10164498589647565,0.039473684210526314,0.010331703157894733,"2017-02-16 13:45:27"
"results-chrome.json","transpiled"," 10000"," 1",0.000617306597703118,1.3818422008006306,0.00031495234576689696,0.0023357491101836914,0.04467272727272727,0.0000054557239057239065,"2017-02-16 13:45:33"
"results-chrome.json","v1"," 10000"," 4",0.0009623726621324839,1.1808253523097962,0.0004910064602716755,0.0028630350499024098,0.0815,0.000008196969696969695,"2017-02-16 13:45:39"
"results-chrome.json","v2"," 10000"," 4",0.0010534428544259793,1.3206879443393544,0.0005374708440948874,0.003133966636799187,0.07976470588235295,0.000009821746880570407,"2017-02-16 13:45:45"
"results-chrome.json","v3"," 10000"," 4",0.002095893274033735,2.5838010364089605,0.0010248866865690636,0.005613535571206031,0.08111666666666666,0.00003151178160919541,"2017-02-16 13:45:51"
"results-chrome.json","v4"," 10000"," 4",0.00502932983848796,6.044440244206102,0.0025659846114734495,0.014962132832414994,0.08320588235294119,0.00022386541889483075,"2017-02-16 13:45:57"
"results-chrome.json","v5"," 10000"," 4",0.0015071161558230528,2.2369070958412656,0.0007344620642412538,0.0038864079387870057,0.067375,0.000015104166666666662,"2017-02-16 13:46:03"
"results-chrome.json","v6"," 10000"," 4",0.00369569113140905,5.53957985436046,0.0018010190698874511,0.009530097130814107,0.06671428571428571,0.00009082275132275128,"2017-02-16 13:46:09"
"results-chrome.json","v7"," 10000"," 4",0.0016312243749528946,2.535808462805357,0.000796496276832468,0.004289263719011868,0.06432758620689656,0.000018397783251231523,"2017-02-16 13:46:16"
"results-chrome.json","final"," 10000"," 4",0.0010265857545973184,1.6299323968202988,0.0005019979240084687,0.002749555868002025,0.06298333333333335,0.000007560057471264369,"2017-02-16 13:46:22"
"results-chrome.json","dynamic"," 10000"," 4",0.0031263328632621487,6.89957455440293,0.0015950677873786472,0.009961195139489414,0.04531196581196582,0.00009922540860698753,"2017-02-16 13:46:28"
"results-chrome.json","transpiled"," 10000"," 4",0.0030440767265612987,4.845938489187079,0.0015531003706945401,0.009944694626760151,0.06281707317073172,0.00009889695121951221,"2017-02-16 13:46:34"
"results-chrome.json","v1"," 10000"," 8",0.00980161814309568,7.269823195459551,0.004725948960026847,0.022664855000063714,0.1348260869565217,0.0005136956521739132,"2017-02-16 13:46:40"
"results-chrome.json","v2"," 10000"," 8",0.003131753026277775,2.6504341793142983,0.0015173222026539607,0.007586611013269804,0.11816,0.00005755666666666668,"2017-02-16 13:46:46"
"results-chrome.json","v3"," 10000"," 8",0.005052937300224492,4.341011426309701,0.002448128536930471,0.012240642684652355,0.1164,0.00014983333333333323,"2017-02-16 13:46:53"
"results-chrome.json","v4"," 10000"," 8",0.0014643766773799834,1.2897626562289823,0.0007108624647475647,0.003624701579228495,0.11353846153846157,0.000013138461538461548,"2017-02-16 13:46:59"
"results-chrome.json","v5"," 10000"," 8",0.004386635063881364,4.276663711304949,0.0021377363859070974,0.011311837691448366,0.1025714285714286,0.0001279576719576719,"2017-02-16 13:47:05"
"results-chrome.json","v6"," 10000"," 8",0.0021345548128455607,2.293576088301103,0.0010437920845210566,0.005717084700375216,0.0930666666666667,0.00003268505747126438,"2017-02-16 13:47:11"
"results-chrome.json","v7"," 10000"," 8",0.0028597801406865424,3.0347861415138393,0.0013984254966682359,0.007659491895155583,0.09423333333333338,0.00005866781609195407,"2017-02-16 13:47:17"
"results-chrome.json","final"," 10000"," 8",0.0036903903213803737,3.828205727573001,0.0018045918441957818,0.009884156601558778,0.09640000000000001,0.00009769655172413797,"2017-02-16 13:47:23"
"results-chrome.json","dynamic"," 10000"," 8",0.0045207017945720716,7.2830638807835415,0.0023064805074347306,0.014947702094616672,0.0620714285714286,0.00022343379790940764,"2017-02-16 13:47:29"
"results-chrome.json","transpiled"," 10000"," 8",0.0036258753252082975,3.380601870358856,0.0018499363904123968,0.01268252492538005,0.1072553191489362,0.00016084643848288623,"2017-02-16 13:47:35"
"results-chrome.json","v1"," 10000"," 16",0.008772424383910562,3.794301204113565,0.004089708337487442,0.015839372281934484,0.23120000000000002,0.00025088571428571446,"2017-02-16 13:47:41"
"results-chrome.json","v2"," 10000"," 16",0.0024606668472861868,1.1418407644019426,0.0011547005383792525,0.00461880215351701,0.21550000000000002,0.00002133333333333337,"2017-02-16 13:47:48"
"results-chrome.json","v3"," 10000"," 16",0.0023773120917138482,1.2889041461099175,0.0011266881951250466,0.0047801331783345145,0.18444444444444447,0.000022849673202614423,"2017-02-16 13:47:55"
"results-chrome.json","v4"," 10000"," 16",0.0017956327082126796,0.9851078557704429,0.0008510107621861041,0.0036105328848271587,0.1822777777777778,0.000013035947712418324,"2017-02-16 13:48:02"
"results-chrome.json","v5"," 10000"," 16",0.0019715605776690955,1.2185963232177233,0.0009383915172151811,0.004090353793016783,0.16178947368421054,0.00001673099415204678,"2017-02-16 13:48:09"
"results-chrome.json","v6"," 10000"," 16",0.001066619853139399,0.7300852971293151,0.0005113230360208049,0.00234317651713997,0.14609523809523803,0.000005490476190476199,"2017-02-16 13:48:16"
"results-chrome.json","v7"," 10000"," 16",0.002643834622496484,1.770424970421753,0.0012674183233444315,0.005808040403899873,0.1493333333333333,0.0000337333333333334,"2017-02-16 13:48:22"
"results-chrome.json","final"," 10000"," 16",0.00148075322209234,0.9917972016693503,0.0007074788447646153,0.0031639415790734025,0.1493,0.000010010526315789495,"2017-02-16 13:48:29"
"results-chrome.json","dynamic"," 10000"," 16",0.00494222816717422,3.889221457544144,0.002521544983252153,0.01594765073929587,0.12707499999999997,0.000254327564102564,"2017-02-16 13:48:35"
"results-chrome.json","transpiled"," 10000"," 16",0.0021353537180886484,1.7227210172824292,0.00108946618269829,0.007060547829751861,0.1239523809523809,0.000049851335656213715,"2017-02-16 13:48:41"
"results-chrome.json","v1"," 100000"," 1",0.009135499043718276,1.6782913123793521,0.0039616214413348986,0.011884864324004697,0.5443333333333334,0.0001412499999999996,"2017-02-16 13:48:47"
"results-chrome.json","v2"," 100000"," 1",0.003668543930212811,0.6902967880392076,0.0015908690070307074,0.004772607021092122,0.5314444444444445,0.00002277777777777782,"2017-02-16 13:48:57"
"results-chrome.json","v3"," 100000"," 1",0.011299951939152694,2.1077630560077565,0.004900239349155548,0.014700718047466643,0.5361111111111111,0.00021611111111111147,"2017-02-16 13:49:07"
"results-chrome.json","v4"," 100000"," 1",0.008291669403312416,1.5820441939752332,0.0035956935833965377,0.010787080750189613,0.5241111111111111,0.00011636111111111131,"2017-02-16 13:49:17"
"results-chrome.json","v5"," 100000"," 1",0.007625844323089731,1.647406421060646,0.0033712839624623035,0.010660935960578476,0.46290000000000003,0.00011365555555555532,"2017-02-16 13:49:27"
"results-chrome.json","v6"," 100000"," 1",0.03922920370569246,7.975216475067364,0.017011796923543997,0.05103539077063199,0.4918888888888888,0.0026046111111111088,"2017-02-16 13:49:36"
"results-chrome.json","v7"," 100000"," 1",0.011720759627259655,2.6023000948622683,0.005181591347152809,0.016385630561223108,0.45039999999999997,0.00026848888888888865,"2017-02-16 13:49:45"
"results-chrome.json","final"," 100000"," 1",0.002506412136900077,0.568992539591391,0.0011080513425729783,0.0035039660069381092,0.4405,0.000012277777777777799,"2017-02-16 13:49:54"
"results-chrome.json","dynamic"," 100000"," 1",0.008216276315376992,1.9013656500727778,0.003855596581594084,0.015422386326376335,0.432125,0.00023784999999999976,"2017-02-16 13:50:03"
"results-chrome.json","transpiled"," 100000"," 1",0.005011500494427944,1.0005848106387794,0.002320139117790715,0.008681165668424804,0.5008571428571429,0.00007536263736263748,"2017-02-16 13:50:10"
"results-chrome.json","v1"," 100000"," 4",0.01810811492647634,1.900116991235713,0.007400128699009539,0.01957890020745119,0.953,0.00038333333333333237,"2017-02-16 13:50:17"
"results-chrome.json","v2"," 100000"," 4",0.01976753535454524,2.1235842154974938,0.008078273540884855,0.021373102811934497,0.9308571428571428,0.00045680952380952226,"2017-02-16 13:50:31"
"results-chrome.json","v3"," 100000"," 4",0.02375714450419491,2.6961739871816532,0.009708681857047367,0.025686757751992077,0.8811428571428571,0.0006598095238095251,"2017-02-16 13:50:44"
"results-chrome.json","v4"," 100000"," 4",0.01389372364809104,1.6326349762739178,0.005677860093212521,0.015022205785658346,0.851,0.00022566666666666707,"2017-02-16 13:50:56"
"results-chrome.json","v5"," 100000"," 4",0.015687635258381058,2.032077106007909,0.006633249580710806,0.018761663039293736,0.772,0.00035200000000000064,"2017-02-16 13:51:08"
"results-chrome.json","v6"," 100000"," 4",0.0065753425655938865,0.9391669438448688,0.0027802716979255333,0.007863795884576724,0.700125,0.00006183928571428582,"2017-02-16 13:51:21"
"results-chrome.json","v7"," 100000"," 4",0.005607976974611042,0.800139393559628,0.0023712376214000174,0.0067068728075864465,0.7008749999999999,0.0000449821428571425,"2017-02-16 13:51:32"
"results-chrome.json","final"," 100000"," 4",0.00816818118852487,1.1602530097336465,0.003453776401067598,0.00976875485558787,0.7039999999999998,0.0000954285714285716,"2017-02-16 13:51:44"
"results-chrome.json","dynamic"," 100000"," 4",0.014259285289648671,2.344313241208166,0.006478548518695443,0.02244235038736119,0.6082500000000001,0.000503659090909091,"2017-02-16 13:51:55"
"results-chrome.json","transpiled"," 100000"," 4",0.019461584035831002,2.949842218390451,0.00884215540019582,0.030630124803117355,0.6597500000000001,0.0009382045454545449,"2017-02-16 13:52:03"
"results-chrome.json","v1"," 100000"," 8",0.03870756980230098,2.718228216453721,0.015055453054181633,0.03687817782917158,1.4239999999999997,0.0013600000000000018,"2017-02-16 13:52:11"
"results-chrome.json","v2"," 100000"," 8",0.019381278106719427,1.3599306354849325,0.007538420111520585,0.018465282739960093,1.4251666666666665,0.00034096666666666805,"2017-02-16 13:52:28"
"results-chrome.json","v3"," 100000"," 8",0.01340869550702087,1.0306453118386525,0.005215361924162143,0.012774975538137107,1.3010000000000002,0.00016320000000000145,"2017-02-16 13:52:45"
"results-chrome.json","v4"," 100000"," 8",0.015311306959237684,1.2018294316513098,0.005955389715767282,0.014587666023048384,1.2739999999999998,0.00021280000000000027,"2017-02-16 13:53:01"
"results-chrome.json","v5"," 100000"," 8",0.039921608127296004,3.2373871280244675,0.016314510881608502,0.043164138554393224,1.233142857142857,0.0018631428571428555,"2017-02-16 13:53:17"
"results-chrome.json","v6"," 100000"," 8",0.019813845077326604,1.8682235390798254,0.008097198642144096,0.021423173923403167,1.0605714285714285,0.00045895238095238145,"2017-02-16 13:53:34"
"results-chrome.json","v7"," 100000"," 8",0.017267554782402335,1.6434110601878498,0.0070566223058448445,0.018670067717376632,1.0507142857142857,0.00034857142857142915,"2017-02-16 13:53:51"
"results-chrome.json","final"," 100000"," 8",0.018239233354331058,1.7300085837441384,0.007453712036915022,0.01972066839396584,1.0542857142857143,0.0003889047619047632,"2017-02-16 13:54:06"
"results-chrome.json","dynamic"," 100000"," 8",0.04667202242930958,4.561279203646283,0.020239385268564433,0.0607181558056933,1.0232222222222225,0.0036866944444444473,"2017-02-16 13:54:21"
"results-chrome.json","transpiled"," 100000"," 8",0.01057751000653138,0.9343173035507156,0.004586951433881777,0.013760854301645331,1.132111111111111,0.00018936111111111082,"2017-02-16 13:54:30"
"results-chrome.json","v1"," 100000"," 16",0.02897369853850214,1.194299197794812,0.011269427669584652,0.027604347483684538,2.426,0.0007620000000000008,"2017-02-16 13:54:41"
"results-chrome.json","v2"," 100000"," 16",0.0277990510233713,1.1517352999601425,0.01081254415533695,0.026485216001888058,2.4136666666666664,0.0007014666666666672,"2017-02-16 13:55:10"
"results-chrome.json","v3"," 100000"," 16",0.05081222308264033,2.332976266420584,0.01976360291040075,0.0484107426094664,2.178,0.0023436000000000056,"2017-02-16 13:55:39"
"results-chrome.json","v4"," 100000"," 16",0.02649848988999193,1.2439632215002863,0.010306686071564344,0.025246121814383106,2.1301666666666668,0.0006373666666666705,"2017-02-16 13:56:05"
"results-chrome.json","v5"," 100000"," 16",0.0936297503670709,4.47846382495556,0.03641763919372652,0.08920463366141175,2.0906666666666665,0.007957466666666673,"2017-02-16 13:56:31"
"results-chrome.json","v6"," 100000"," 16",0.0495109453035387,2.719634457760983,0.019257466084612485,0.047170965646253206,1.8205,0.0022251000000000003,"2017-02-16 13:56:56"
"results-chrome.json","v7"," 100000"," 16",0.043725480406737724,2.485343713910822,0.017007188022846256,0.04165893261554682,1.7593333333333334,0.0017354666666666702,"2017-02-16 13:57:18"
"results-chrome.json","final"," 100000"," 16",0.014749365877894563,0.8504343193096999,0.005736820644844248,0.014052283325732762,1.7343333333333335,0.000197466666666667,"2017-02-16 13:57:39"
"results-chrome.json","dynamic"," 100000"," 16",0.05578009214234482,4.097334837377271,0.023585662639469266,0.0667103279645877,1.361375,0.004450267857142851,"2017-02-16 13:58:00"
"results-chrome.json","transpiled"," 100000"," 16",0.039518297513140115,2.7627928000097963,0.016709639540439792,0.04726199772091137,1.4303749999999997,0.0022336964285714317,"2017-02-16 13:58:12"
"results-firefox.json","v1"," 10000"," 1",0.0009103886471588215,4.366627811594722,0.00046448400365245993,0.002974148781686914,0.020848780487804877,0.000008845560975609755,"2017-02-16 14:30:34"
"results-firefox.json","v2"," 10000"," 1",0.0012773137924439423,6.4324437548902464,0.0006516907104305828,0.0042734217705072425,0.01985736434108527,0.000018262133628645257,"2017-02-16 14:30:41"
"results-firefox.json","v3"," 10000"," 1",0.000697510959662878,3.647005260883238,0.0003558729386035092,0.0023336149173552117,0.019125581395348836,0.000005445758582502771,"2017-02-16 14:30:47"
"results-firefox.json","v4"," 10000"," 1",0.0003785247828072081,2.1764943469462663,0.00019312488918735106,0.001323997535009205,0.01739148936170213,0.0000017529694727104514,"2017-02-16 14:30:54"
"results-firefox.json","v5"," 10000"," 1",0.0004370263149971635,2.607047654597154,0.00022297260969243038,0.0015608082678470127,0.016763265306122443,0.0000024361224489795923,"2017-02-16 14:31:00"
"results-firefox.json","v6"," 10000"," 1",0.0005158992006434845,3.0206344999862473,0.0002632138778793288,0.0018235992389769092,0.017079166666666666,0.0000033255141843971623,"2017-02-16 14:31:06"
"results-firefox.json","v7"," 10000"," 1",0.00046648186817210103,2.8046149129365574,0.00023800095314903115,0.001666006672043218,0.016632653061224495,0.0000027755782312925182,"2017-02-16 14:31:12"
"results-firefox.json","final"," 10000"," 1",0.00039689125294804203,2.3838773467092493,0.0002024955372183888,0.0014174687605287217,0.016648979591836737,0.0000020092176870748308,"2017-02-16 14:31:18"
"results-firefox.json","dynamic"," 10000"," 1",0.0003571722206520461,3.471320069441598,0.00018223072482247252,0.001326659701910839,0.010289233303384247,0.0000017600259646741559,"2017-02-16 14:31:24"
"results-firefox.json","transpiled"," 10000"," 1",0.0003338846384557927,1.9152748346963497,0.0001703493053345881,0.0012633442605001694,0.01743272727272727,0.0000015960387205387198,"2017-02-16 14:31:30"
"results-firefox.json","v1"," 10000"," 4",0.0009740662194234727,3.8669405783083843,0.0004969725609303432,0.0031431304542933864,0.025189583333333338,0.00000987926905270655,"2017-02-16 14:31:36"
"results-firefox.json","v2"," 10000"," 4",0.0007991068333536095,3.2089500653768837,0.00040770756803755584,0.002610602210686076,0.02490243902439025,0.0000068152439024390254,"2017-02-16 14:31:43"
"results-firefox.json","v3"," 10000"," 4",0.000896132514037581,3.5181710573451146,0.00045721046634570456,0.0029275754186661564,0.02547154471544716,0.000008570697831978322,"2017-02-16 14:31:49"
"results-firefox.json","v4"," 10000"," 4",0.0008691895232099714,3.641914689211085,0.00044346404245406703,0.002907988196130997,0.023866279069767446,0.00000845639534883721,"2017-02-16 14:31:55"
"results-firefox.json","v5"," 10000"," 4",0.0006566322098672684,3.057885941418044,0.00033501643360574917,0.002296756954259205,0.021473404255319153,0.00000527509250693802,"2017-02-16 14:32:01"
"results-firefox.json","v6"," 10000"," 4",0.0009643083009956041,4.010179588279592,0.0004919940311202062,0.0032262206133942773,0.024046511627906973,0.000010408499446290148,"2017-02-16 14:32:08"
"results-firefox.json","v7"," 10000"," 4",0.0008528819706304961,3.542253920047548,0.00043514386256657966,0.0028200545397976296,0.024077380952380958,0.00000795270760743322,"2017-02-16 14:32:14"
"results-firefox.json","final"," 10000"," 4",0.0008661964374511764,3.6126524549370105,0.00044193695788325327,0.0028979744329364755,0.023976744186046516,0.000008398255813953486,"2017-02-16 14:32:20"
"results-firefox.json","dynamic"," 10000"," 4",0.0005397045685155868,3.676223139418528,0.00027535947373244225,0.0019077463954000706,0.014680952380952383,0.000003639496309161963,"2017-02-16 14:32:26"
"results-firefox.json","transpiled"," 10000"," 4",0.0011879236086550344,4.686655138816159,0.000606083473803589,0.0042425843166251235,0.0253469387755102,0.000017999521683673465,"2017-02-16 14:32:32"
"results-firefox.json","v1"," 10000"," 8",0.0014592943719669803,4.355546977554508,0.0007445379448811125,0.004649637975514204,0.0335042735042735,0.000021619133303343828,"2017-02-16 14:32:38"
"results-firefox.json","v2"," 10000"," 8",0.0009894962277818716,3.0474087562642516,0.0005048450141744243,0.0031527561030206906,0.03247008547008549,0.00000993987104513421,"2017-02-16 14:32:45"
"results-firefox.json","v3"," 10000"," 8",0.0009167582922350726,2.8618885293498617,0.0004677338225689146,0.0029582084360296784,0.03203333333333334,0.000008750997150997155,"2017-02-16 14:32:51"
"results-firefox.json","v4"," 10000"," 8",0.0008460347313417788,2.731941982292776,0.0004316503731335606,0.002797414140649605,0.03096825396825397,0.000007825525874306368,"2017-02-16 14:32:57"
"results-firefox.json","v5"," 10000"," 8",0.000767143261483054,2.774292534160523,0.00039139962320563983,0.0026255884915668444,0.027651851851851848,0.0000068937149270482565,"2017-02-16 14:33:03"
"results-firefox.json","v6"," 10000"," 8",0.0007942545120766575,2.6709810234069047,0.00040523189391666203,0.002657283232444981,0.02973643410852712,0.000007061154177433248,"2017-02-16 14:33:09"
"results-firefox.json","v7"," 10000"," 8",0.0008590624598929905,2.882160138522647,0.0004382971734147911,0.0028741067700428255,0.029806201550387594,0.000008260489725606002,"2017-02-16 14:33:16"
"results-firefox.json","final"," 10000"," 8",0.0008251279122355437,2.7726361208227446,0.0004209836286916039,0.0027605742648827724,0.029759689922480615,0.0000076207702719330595,"2017-02-16 14:33:22"
"results-firefox.json","dynamic"," 10000"," 8",0.0026163566154135823,9.287048110785783,0.0013348758241906033,0.009053568326156983,0.028172101449275372,0.00008196709943639294,"2017-02-16 14:33:28"
"results-firefox.json","transpiled"," 10000"," 8",0.0031674406487897998,7.329145178365634,0.0016160411473417347,0.010597090476435896,0.043217054263565896,0.00011229832656576838,"2017-02-16 14:33:34"
"results-firefox.json","v1"," 10000"," 16",0.005004797671704009,7.595356900147006,0.0024389852201286595,0.012905896687645121,0.06589285714285714,0.0001665621693121693,"2017-02-16 14:33:40"
"results-firefox.json","v2"," 10000"," 16",0.0018383919473082928,2.905360570677956,0.0008976523180216273,0.004834005672052777,0.06327586206896552,0.000023367610837438422,"2017-02-16 14:33:47"
"results-firefox.json","v3"," 10000"," 16",0.0008383204267430513,1.7955343438201388,0.00042771450344033233,0.002601685755191962,0.04668918918918919,0.00000676876876876877,"2017-02-16 14:33:53"
"results-firefox.json","v4"," 10000"," 16",0.001064450832052099,2.3374245373001883,0.0005430871592102546,0.003347814089068335,0.04553947368421054,0.000011207859174964446,"2017-02-16 14:33:59"
"results-firefox.json","v5"," 10000"," 16",0.001121964294727628,2.695607154048213,0.0005724307626161368,0.003665345290359555,0.04162195121951219,0.00001343475609756097,"2017-02-16 14:34:05"
"results-firefox.json","v6"," 10000"," 16",0.0005562365320193608,1.2678681910435459,0.0002837941489894698,0.0017722938923964158,0.04387179487179488,0.000003141025641025638,"2017-02-16 14:34:11"
"results-firefox.json","v7"," 10000"," 16",0.0005996118402553095,1.3784180235754238,0.00030592440829352524,0.00193483584409369,0.04350000000000001,0.0000037435897435897414,"2017-02-16 14:34:18"
"results-firefox.json","final"," 10000"," 16",0.0010826728558620614,2.5032898401434944,0.0005523841101337048,0.003493583862615609,0.04325,0.000012205128205128198,"2017-02-16 14:34:24"
"results-firefox.json","dynamic"," 10000"," 16",0.0015120287155934629,4.994029201897811,0.0007714432222415627,0.005616191431259229,0.030276729559748423,0.00003154160619254959,"2017-02-16 14:34:30"
"results-firefox.json","transpiled"," 10000"," 16",0.0031999773999201934,6.382084961946935,0.0016326415305715272,0.01154451897513911,0.050140000000000004,0.00013327591836734696,"2017-02-16 14:34:36"
"results-firefox.json","v1"," 100000"," 1",0.0154644013323662,7.228466880451625,0.007256875331940967,0.02902750132776387,0.21393750000000003,0.0008425958333333331,"2017-02-16 14:34:42"
"results-firefox.json","v2"," 100000"," 1",0.011976807716896012,5.57709323254762,0.005620275793944633,0.022481103175778533,0.21474999999999997,0.0005053999999999997,"2017-02-16 14:34:50"
"results-firefox.json","v3"," 100000"," 1",0.011648741025280301,5.509977669164305,0.005494689162868066,0.022655183798441718,0.21141176470588235,0.0005132573529411761,"2017-02-16 14:34:57"
"results-firefox.json","v4"," 100000"," 1",0.004540219039576796,2.3807440984825887,0.0021416127545173563,0.008830095596045046,0.19070588235294117,0.00007797058823529412,"2017-02-16 14:35:05"
"results-firefox.json","v5"," 100000"," 1",0.0036141499531432532,2.0291546836113086,0.00171286727637121,0.007267080398367688,0.17811111111111114,0.00005281045751633988,"2017-02-16 14:35:11"
"results-firefox.json","v6"," 100000"," 1",0.0035337488168797246,2.003385156026301,0.0016747624724548459,0.00710541540689742,0.17638888888888887,0.00005048692810457522,"2017-02-16 14:35:18"
"results-firefox.json","v7"," 100000"," 1",0.0039402752706408865,2.241623099606067,0.0018674290382184298,0.007922830417853544,0.17577777777777776,0.00006277124183006537,"2017-02-16 14:35:25"
"results-firefox.json","final"," 100000"," 1",0.0045557263577895935,2.600795256587779,0.00215911201790976,0.00916033649523217,0.17516666666666666,0.00008391176470588237,"2017-02-16 14:35:32"
"results-firefox.json","dynamic"," 100000"," 1",0.0035751762775477155,3.1082203787818794,0.0018240695293610793,0.01196122380283776,0.1150232558139535,0.0001430708748615726,"2017-02-16 14:35:38"
"results-firefox.json","transpiled"," 100000"," 1",0.0030457280513673368,1.7308445388155351,0.001491541651012408,0.008304552450183538,0.17596774193548387,0.00006896559139784941,"2017-02-16 14:35:44"
"results-firefox.json","v1"," 100000"," 4",0.0235686940051937,7.954128298741383,0.01081628912583465,0.038998685053440396,0.2963076923076924,0.0015208974358974353,"2017-02-16 14:35:51"
"results-firefox.json","v2"," 100000"," 4",0.013760974679978083,4.917335647050992,0.006315270619540195,0.022770032037183405,0.27984615384615386,0.0005184743589743587,"2017-02-16 14:35:59"
"results-firefox.json","v3"," 100000"," 4",0.008103248955947988,2.996447051856098,0.0037515041462722163,0.014036843200412506,0.27042857142857135,0.0001970329670329668,"2017-02-16 14:36:06"
"results-firefox.json","v4"," 100000"," 4",0.0063407486843077895,2.4407611102642024,0.002935531798290643,0.010983754237183976,0.2597857142857143,0.00012064285714285694,"2017-02-16 14:36:14"
"results-firefox.json","v5"," 100000"," 4",0.004923497624366528,2.142514196852275,0.002295336887816563,0.008889801540449112,0.22979999999999998,0.0000790285714285714,"2017-02-16 14:36:22"
"results-firefox.json","v6"," 100000"," 4",0.005435343818800373,2.361139799652638,0.002533959822284556,0.009813984191666791,0.2302,0.0000963142857142857,"2017-02-16 14:36:29"
"results-firefox.json","v7"," 100000"," 4",0.0029071084553949082,1.2743023620959562,0.0013552953172004233,0.005249036192710138,0.22813333333333338,0.000027552380952380945,"2017-02-16 14:36:36"
"results-firefox.json","final"," 100000"," 4",0.00672751659763308,2.8442150215472433,0.003136371374187916,0.01214711409975147,0.23653333333333335,0.00014755238095238095,"2017-02-16 14:36:43"
"results-firefox.json","dynamic"," 100000"," 4",0.005985939677875186,4.075918827378603,0.003054050856058768,0.01832430513635261,0.14686111111111108,0.00033578015873015856,"2017-02-16 14:36:51"
"results-firefox.json","transpiled"," 100000"," 4",0.0043607442528479515,2.053725707777685,0.0021209845587781863,0.01102095905361863,0.21233333333333335,0.00012146153846153845,"2017-02-16 14:36:57"
"results-firefox.json","v1"," 100000"," 8",0.018705279656824166,4.524741087765884,0.00826935440177903,0.026149994688760878,0.41340000000000005,0.0006838222222222221,"2017-02-16 14:37:03"
"results-firefox.json","v2"," 100000"," 8",0.011797468603108149,3.283708366249738,0.005295093627965955,0.0175618387937648,0.35927272727272724,0.0003084181818181823,"2017-02-16 14:37:12"
"results-firefox.json","v3"," 100000"," 8",0.01592063963829853,4.1509133923034796,0.0071457089938503264,0.023699635593669534,0.3835454545454546,0.0005616727272727279,"2017-02-16 14:37:20"
"results-firefox.json","v4"," 100000"," 8",0.011578444961605408,3.193653324414732,0.005196788582408172,0.01723579784265084,0.36254545454545456,0.00029707272727272734,"2017-02-16 14:37:29"
"results-firefox.json","v5"," 100000"," 8",0.00740719321509556,2.3183703333632426,0.003365376290365997,0.011658005443003154,0.31949999999999995,0.00013590909090909116,"2017-02-16 14:37:37"
"results-firefox.json","v6"," 100000"," 8",0.007185669928762826,2.287822741978082,0.003264729635966754,0.011309355204940526,0.3140833333333333,0.00012790151515151537,"2017-02-16 14:37:45"
"results-firefox.json","v7"," 100000"," 8",0.01142817105342157,3.567587217509334,0.005192263086515933,0.017986526944219986,0.3203333333333334,0.0003235151515151515,"2017-02-16 14:37:53"
"results-firefox.json","final"," 100000"," 8",0.007788584864323092,2.5090743187081097,0.003538657366798315,0.012258268699745155,0.31041666666666673,0.00015026515151515178,"2017-02-16 14:38:01"
"results-firefox.json","dynamic"," 100000"," 8",0.03037915684396567,12.421699687310406,0.014647616607505146,0.07024750146767209,0.24456521739130438,0.004934711462450592,"2017-02-16 14:38:08"
"results-firefox.json","transpiled"," 100000"," 8",0.019186223918095352,4.970524331112786,0.00905010562174309,0.037314541401442955,0.38599999999999995,0.0013923750000000004,"2017-02-16 14:38:15"
"results-firefox.json","v1"," 100000"," 16",0.037798900322220975,5.15059108461536,0.015982621700727683,0.045205680742895264,0.7338749999999999,0.0020435535714285716,"2017-02-16 14:38:22"
"results-firefox.json","v2"," 100000"," 16",0.06567087350703006,9.119371429547657,0.027767811208046535,0.0785392304156701,0.720125,0.006168410714285719,"2017-02-16 14:38:34"
"results-firefox.json","v3"," 100000"," 16",0.02045288973877936,3.5122306363101368,0.008869423130433374,0.02660826939130012,0.5823333333333333,0.0007079999999999989,"2017-02-16 14:38:45"
"results-firefox.json","v4"," 100000"," 16",0.014213984068037337,2.5392190673349746,0.006163913299235619,0.018491739897706857,0.5597777777777778,0.00034194444444444355,"2017-02-16 14:38:56"
"results-firefox.json","v5"," 100000"," 16",0.015464343112104309,2.7647812476944535,0.00670613317957689,0.02011839953873067,0.5593333333333333,0.00040474999999999837,"2017-02-16 14:39:06"
"results-firefox.json","v6"," 100000"," 16",0.009722949712464351,1.7807600205978669,0.004216370213557828,0.012649110640673485,0.5459999999999999,0.00015999999999999917,"2017-02-16 14:39:17"
"results-firefox.json","v7"," 100000"," 16",0.00887394882107239,1.635583440295955,0.0038481998356775324,0.011544599507032597,0.5425555555555557,0.0001332777777777773,"2017-02-16 14:39:27"
"results-firefox.json","final"," 100000"," 16",0.006244677520363513,1.1600020161665967,0.0027080128015453224,0.008124038404635967,0.5383333333333334,0.00006600000000000011,"2017-02-16 14:39:37"
"results-firefox.json","dynamic"," 100000"," 16",0.008864853365224617,3.298271165820083,0.004261948733281066,0.019990311506141015,0.26877272727272733,0.0003996125541125538,"2017-02-16 14:39:47"
"results-firefox.json","transpiled"," 100000"," 16",0.008883117116997036,1.975782276912152,0.00414131334125736,0.016039237602116348,0.44960000000000006,0.00025725714285714294,"2017-02-16 14:39:53"